x,y,class
4.194795492902984,-0.9380617332811099,apple
8.269128898378106,-4.45006092988487,apple
8.451618227328376,3.547347060866251,apple
7.1279307727449215,-4.404420324034575,apple
5.993756010765729,5.669072795579291,apple
11.207809903423113,0.24524162851268672,apple
7.333650388739646,6.902596076064576,apple
11.441911313497052,-2.2810120701542065,apple
14.154383757900831,0.48567077576420736,apple
13.579136994852673,-3.469132578360008,apple
9.679745271550967,4.546273283607951,apple
9.351853555395996,-1.7804107528717918,apple
14.053935720574348,-7.890689258553062,apple
12.28953436326503,0.07076998026079451,apple
11.455736661969652,8.308202884478352,apple
9.190286816952927,-4.188119177986086,apple
10.242468162116591,4.363579897952131,apple
11.356011363534542,1.6609381113930595,apple
6.0321505408345075,-0.22222110788416805,apple
11.595268971537772,-2.7478073606677214,apple
12.365506355708945,4.086692438006759,apple
8.541211800724799,-5.031747799902082,apple
7.276521284717184,-5.966368741014321,apple
11.113895123160457,4.065334447963336,apple
13.286133829953103,-2.4087481733005713,apple
10.239968416708649,0.25514677095475813,apple
8.013060680379839,1.1329173880752812,apple
12.02682142955368,-3.0306728316063465,apple
9.745573594156687,0.9650147063056471,apple
6.157351491258959,-0.656983147587682,apple
10.102959736749575,1.4794339562556529,apple
7.859940450937739,0.7005174419935469,apple
11.907109892620827,2.50392930140341,apple
7.512546510513499,0.41739523771462617,apple
8.769430651812764,-3.2367121692676424,apple
9.167436988750051,0.29608491318784547,apple
11.430292496905908,2.008731699712107,apple
11.47283633129941,2.9088930335492122,apple
3.795825217527992,1.5393537286737002,apple
9.749643523623412,3.6610593838520584,apple
11.676052954891176,-5.740463830212949,apple
7.667795308624868,-7.6101112852862265,apple
8.834493416963795,-1.6832077573471391,apple
9.88124837914734,-0.0739902056053372,apple
9.61942066384664,3.4259286745736786,apple
10.541528883741295,4.837246942096023,apple
11.80938404450125,4.34110662455484,apple
8.645207768759901,-2.1852392922800714,apple
11.628184699769582,0.19022642042831606,apple
13.335628284097911,3.6530853933138623,apple
9.063863451304428,0.22587913900100076,apple
6.644463459105374,2.2222494904683465,apple
7.599368734850952,5.671641413676058,apple
3.6851688579581623,2.2896979349407522,apple
10.346818969033398,2.905365325298224,apple
18.051718127311084,-2.035695537375957,apple
4.396668415664454,1.0335616776353596,apple
9.338002385255557,3.568519379710696,apple
2.871272586296006,-4.284605550007585,apple
7.784451731264302,3.9488252954192147,apple
9.021438427557875,-4.446670299182438,apple
8.169116712687357,2.4570391341480424,apple
10.747523184211742,-1.5466473810059491,apple
12.734637774939495,-3.2123945847982274,apple
12.993091044990214,0.7201068805708135,apple
6.39540981378696,1.0762568943565403,apple
10.731485136107118,1.0809287028836745,apple
12.628555295744915,-2.4841343206284265,apple
4.911956138231858,4.442404880585872,apple
5.899801510202714,-0.481507177097231,apple
5.662852728929044,2.6491199570631165,apple
5.001313190495162,0.5693053111448086,apple
7.822287505184201,5.232716780739204,apple
9.463055013523435,-0.03071860585949837,apple
9.162146746531974,-0.2794461583565584,apple
14.236838293115541,1.8352056640630114,apple
9.921213624129065,4.93901695350824,apple
14.190282812182822,-5.394979416716895,apple
12.40828712149333,4.654646336810414,apple
9.291500114106215,1.8465025099587757,apple
5.694102540051013,1.2504935449305208,apple
12.343835344005623,-0.4057576049437286,apple
17.569459335981254,2.7098386419879983,apple
8.207542635775981,-2.9204093134296203,apple
12.129200339078984,-1.938177465751481,apple
9.911302582476432,5.364178152466132,apple
8.130374048418755,-1.1791420254612763,apple
18.723633658101857,1.6268566729354432,apple
9.522823072836124,3.0889813113772844,apple
10.405988986749067,5.602779819923646,apple
8.373052546507349,2.9491389123397194,apple
7.691846923378123,4.109594241226854,apple
6.645228233332743,4.692825267683042,apple
0.41952000391825095,5.376044778844853,apple
12.265909399643542,0.8671346932607071,apple
10.213041635434783,-2.095143410489617,apple
8.53263726905855,-0.2393488630927465,apple
14.257104431011886,-1.073614371583798,apple
12.868747657057579,8.681242556227744,apple
7.538953893936828,-3.984846893531156,apple
9.498797402968876,12.230959465739195,apple
16.950076436815447,-1.2255185846924297,apple
12.759750287280156,-0.3340538317824222,apple
6.697468726234637,3.136113391860681,apple
11.8831563168523,-3.9590266039970485,apple
12.83065842858477,0.3235963623579349,apple
10.087098077072055,3.373180547387924,apple
7.251164876738599,4.07002864659835,apple
15.107413792473325,-2.5137618454926436,apple
12.781452370744756,2.2094193221143454,apple
12.860752088838069,-0.642679069419539,apple
6.647179627893535,1.6612450621928967,apple
11.394529533321613,1.1497492842185755,apple
7.324570198775357,-4.7079779434604125,apple
9.16479786173503,1.1953371631316316,apple
10.545123839052104,2.495151958987505,apple
6.753191186252015,5.053551204029209,apple
9.333905859624531,-1.6162011045457416,apple
8.067795571213384,3.6079470757792693,apple
10.838484064618726,-4.044544507407477,apple
2.9041139971737167,0.9875647623851399,apple
13.154591513643602,4.30717085227549,apple
10.864256831965061,-3.797525459726992,apple
12.680863695899316,2.558468919824425,apple
14.708156978840393,3.2069058633213796,apple
14.770176469426804,-0.9332363016732275,apple
15.006721833063384,0.492608350103511,apple
12.408682532324244,7.95327971146697,apple
9.721539558959789,-0.4346989541602424,apple
11.0704256687741,7.073973227532464,apple
11.762429960908802,3.728000950549978,apple
5.536670332839868,6.352025111373047,apple
0.8855484242737397,1.7020220442488023,apple
7.962566089128648,-4.1358704972481375,apple
8.524949346657491,-7.613212489046703,apple
8.472301525980399,1.5661599457883377,apple
9.721519090995542,4.4376046600393355,apple
8.679232569989166,12.597466991988638,apple
7.891905392800201,2.950278553065037,apple
3.1128252815201423,-1.286893587801301,apple
8.740379216181138,-2.843008443925901,apple
12.25879666269067,2.8883491938406824,apple
8.91885040147162,-0.6705752844099044,apple
6.042077424077629,5.690501770534631,apple
6.087797639898696,0.13143679042538747,apple
3.5645694273630264,-2.5079554922364675,apple
4.475941664533523,-0.5095348627742737,apple
4.629728719971521,3.580857935923213,apple
6.8035579478422665,1.937861825666288,apple
7.679492181155158,-2.8450939971500637,apple
12.03513856211509,0.605684181922286,apple
12.263247196559808,-0.7326457050735589,apple
12.587577558632137,3.261768432092978,apple
11.00695324621674,-1.255167873962808,apple
13.353494209080885,-3.04840156257864,apple
14.7411383886444,-1.5186679700277312,apple
8.28139842823564,-0.18638098253744362,apple
7.084900612231331,0.08371111833505829,apple
-3.1691663264425767,-1.2104241273658785,apple
9.663668498137236,-1.7218326852327106,apple
9.736046735898558,2.847846525753652,apple
8.852120774086949,7.198390559377974,apple
8.505716660922337,0.9701603400396386,apple
2.974399708544391,0.3923006961321903,apple
6.8828164202368,1.1452895760081985,apple
11.511465258553274,-3.5097211382518863,apple
7.123921550773015,4.542514441013832,apple
8.833319051705917,-9.558954895873027,apple
10.569785171550656,-0.07806643414592962,apple
13.961169173699172,2.283674946338092,apple
8.060342537721347,4.194652631994057,apple
11.509502166928375,2.63632261478763,apple
18.475643621678998,3.7896074146428926,apple
6.9714992367105975,-2.3471390082487797,apple
12.069998465011047,4.201793877674148,apple
9.333951364748557,-0.9380530101810616,apple
11.92516938416621,4.71788749231457,apple
13.52096782457206,9.683612391452474,apple
12.823043353625696,0.3289463313924643,apple
16.389718346624512,6.144948101573448,apple
13.50786812634354,10.137759640121068,apple
5.912394209245788,6.5785910804341166,apple
12.28443959791523,1.51848267215468,apple
9.889711527249668,-2.080151081212231,apple
13.315817708634965,0.35742038906092044,apple
11.447679306614267,-1.8892240487225616,apple
8.568035865590222,-1.95636094734951,apple
11.86057017236068,2.8820686571252128,apple
8.465342216400279,3.1095645149878277,apple
7.538245304981931,-1.5317903043377536,apple
7.198042472296193,-6.69445791066101,apple
8.25739529687791,-5.085586983416906,apple
6.910210266375489,-2.902440767853419,apple
7.88982958034306,-1.3233085528527995,apple
13.662229228461058,1.9414085758103456,apple
12.716427857914205,2.159040781418776,apple
13.319816295684042,4.4703423803891145,apple
14.06539604254927,4.807709825846514,apple
9.006466846901684,7.836758897480384,apple
4.667299913592892,-1.3465652706651525,apple
12.801937041459897,-1.5757133060476276,apple
3.7395009899437337,2.7565757774482917,apple
5.49735082285092,0.5706541750833154,apple
9.976527374667654,1.6443068221800754,apple
12.994338795418543,5.214754837256479,apple
7.558946185645773,5.095240893286884,apple
4.790042717095876,2.435417338077487,apple
13.561928894364865,-3.4251687530457335,apple
10.129527954835345,2.557537162732343,apple
5.011142356777081,1.1235264461567658,apple
7.4929907591280465,-2.6431699085547686,apple
6.1597380109485815,5.250467512351367,apple
6.225123204337322,-3.1599665813893525,apple
13.602343477025112,-1.6225807656246216,apple
10.441729282555883,0.7754570573262248,apple
11.35162836424891,-1.322058968237724,apple
9.779665989664062,1.9218640110935485,apple
9.548634035482268,2.7437117404471465,apple
13.477587326095401,4.277356153228249,apple
14.408417273470015,6.705803027665601,apple
11.87956830493528,1.1095729189697543,apple
9.393470663899315,0.15351186686783358,apple
5.471280807932511,4.3204788276289054,apple
7.320752575093783,0.3557069313636819,apple
12.81963439733896,2.9902965250093265,apple
9.424158873234353,-2.147913066731441,apple
9.378674008174595,1.191292774738131,apple
10.353594231990936,3.5999004731874162,apple
6.424927823543197,1.1428988413973908,apple
13.650103819052545,1.3747865638839052,apple
4.722009497675636,0.8637074557671087,apple
8.013095496001807,2.3582712196012925,apple
3.6690391538791323,4.225119208067342,apple
12.789192733893284,2.610979177134828,apple
14.772361192213173,0.8243310688814874,apple
10.530759283359064,-0.022654396661426324,apple
7.966334182734035,3.798758746160495,apple
15.458801507812463,-0.46004622442237664,apple
10.638457951892018,-1.2552304246275066,apple
7.218965082375866,1.7421819193231047,apple
12.027034583589511,1.4347258110780048,apple
11.2869487237678,0.428727873123107,apple
7.806679469166035,0.7489575175149445,apple
8.694629662014023,-3.8950520522405583,apple
8.156063075422662,0.35430027066509395,apple
12.114531227302859,1.6375911641727998,apple
13.677844011234038,2.7969167809986333,apple
13.297630788046195,2.387081949932875,apple
17.85448359089388,1.7753305368468428,apple
7.849974879830777,0.5745610561612604,apple
12.808218574308277,2.1909996994448244,apple
8.619848431821094,6.154464798522013,apple
10.564833833368061,-0.9796295708851535,apple
14.207917401549697,-6.676747084252056,apple
14.028428528323321,-5.067035063885296,apple
10.467319649978755,0.9141107660882796,apple
4.348847796234992,5.6196479783237026,apple
12.496132972052948,-3.5105260549633233,apple
18.966230317608158,0.24785432616396263,apple
8.514287183250241,6.978256531613648,apple
12.866680895567557,-5.929220095131358,apple
6.062169928682393,1.7401289319218014,apple
12.751082021611994,0.6873041298260101,apple
11.285224160024825,0.7160479398805748,apple
7.559690942896294,2.1359835845922532,apple
6.026764124339803,8.75529013834625,apple
4.1867455452124185,-2.658650013624676,apple
11.307877352618437,-4.510148560484097,apple
9.897498977748482,9.47351038069812,apple
11.672392635459017,-4.398139922674782,apple
0.5399828468727712,2.8319578068308395,apple
13.18612334473912,1.6863993378495161,apple
8.411450537920988,-0.6212406688796097,apple
10.208770124766158,-5.79068841459035,apple
10.237915764667514,-2.5998801698139973,apple
17.42332294781597,-0.5579030679572681,apple
10.812128870265338,1.1060169886576579,apple
5.359346836481489,-0.42587527834323713,apple
6.179016916611305,8.149390125715176,apple
12.827562923036291,7.420836363000502,apple
7.174649452370044,4.892144376741864,apple
12.180249530525703,3.1789115039550238,apple
6.268197227663687,5.671576084792887,apple
14.807196359178544,3.02969234200278,apple
16.90812974577871,4.606218753954782,apple
5.621296029402508,1.1919783057689972,apple
6.145894318177257,-0.5293053288959675,apple
9.601197623103895,6.471029784559498,apple
9.86276642566547,2.9531715352703856,apple
11.258478582298947,-5.112313518990836,apple
7.846285722999279,1.448981884198481,apple
19.123048551291845,-1.9129613210792886,apple
14.54880509502134,3.9887250583140212,apple
10.483675821512769,-5.206513112871666,apple
9.919297616189018,1.2496956366535419,apple
11.83356045642358,2.8395337521405715,apple
11.218729682202559,0.7363848242131008,apple
9.566527877466982,-0.15818558705675612,apple
11.545125268620868,5.20935803654394,apple
11.171676281328532,-2.789484135764184,apple
7.473950468171945,-3.1648777499993033,apple
12.985981812454623,2.048341492589736,apple
10.02731251867774,6.3383460539172285,apple
9.609144552553007,0.7934321602546595,apple
10.317663882396062,2.1864620472424736,apple
4.26765291886591,0.4379664078192619,apple
12.75195529995304,-1.8616157252494685,apple
11.341933698079028,4.204159789228282,apple
17.29852230615493,-2.0664991959970576,apple
13.663964289548073,-1.1134408095447688,apple
6.067363137342398,-4.518648682937128,apple
12.156263829824992,-9.661588602314282,apple
6.073749811888867,-4.024206361568291,apple
5.911044517758357,-2.708888038448534,apple
12.130292136251812,1.2693579741537944,apple
6.213803126065766,2.780912886930286,apple
7.98583820911844,3.7328259784882003,apple
17.337216388088287,3.745795337780237,apple
3.5195223210311113,-4.664454814047593,apple
8.042870229252204,3.1624705887101476,apple
15.310595005553473,3.096132230596905,apple
13.441169613422124,2.9042969992457985,apple
13.910306585645161,6.807736758769775,apple
7.090192199384887,3.6855941044837306,apple
8.258025917318895,-2.3798520795060614,apple
9.894331148213798,1.6285961253622048,apple
14.13089813789787,2.0525092045777686,apple
11.512942991073862,2.716457618111971,apple
7.300166240856134,4.8277655341542705,apple
13.40670847016602,7.944100689198745,apple
3.2856583379192363,2.1006109074657684,apple
9.831391725306842,-1.5304465046704863,apple
14.02966839549117,-4.575401625209054,apple
9.147364038614004,-0.7626497005928505,apple
9.825277146632576,-1.447072482545782,apple
9.056332866115444,3.1047999305406515,apple
12.555257373044949,0.04274085487578061,apple
11.040517960892432,-2.042949181237029,apple
15.54131870388159,6.21259033749991,apple
11.919386936547573,-3.7500924970759097,apple
10.184006066175964,0.4969658981225562,apple
13.684085225165786,0.22875689263337795,apple
10.8674227998803,-0.10825567639733213,apple
19.1397306599566,5.247309026022614,apple
10.698574398522501,-5.741955017301649,apple
12.046206281302421,-2.4955744701282887,apple
15.846142812864798,-7.0788031390332105,apple
16.747855044166656,2.1947861037166176,apple
7.415903608048044,1.8354081129934532,apple
17.010279764392955,-2.8528990829368217,apple
9.43074163833965,7.355492881382044,apple
10.422886342876229,4.04758154038943,apple
13.470988447613353,1.3187426006824436,apple
8.082670723526324,0.437695727703017,apple
12.44209702507759,6.0610457264618365,apple
7.365140617090351,-5.937124248334191,apple
9.219159360052872,-2.1592386290782803,apple
13.957061344537482,4.562435783499459,apple
7.036305496953297,2.0271628485891076,apple
9.913810282509818,6.158670167749719,apple
12.7218763711481,-4.4204498777931,apple
10.80160060300355,0.6754888301783452,apple
5.921867357285108,6.414244147877422,apple
10.963193100085263,6.054503458928272,apple
2.836987299059227,0.594242089490588,apple
8.88567992347754,6.441591529583691,apple
6.057767555601647,2.875476907730174,apple
11.606919284088848,-3.584411168304639,apple
10.979569716387509,-5.823200631084603,apple
7.369881515610162,3.1983407553746694,apple
10.353346806616727,5.943109763166789,apple
12.473836375252993,1.0110055695029603,apple
12.762222969423267,-1.060648285429087,apple
11.717668350723663,-0.21742536185664552,apple
16.349452014858787,-0.928671848189291,apple
1.6254971845869637,2.631558055357372,apple
15.319092672346407,-1.4687997752581001,apple
11.810978104796316,3.365831132239796,apple
-1.7645253234611182,-2.9537658506938183,apple
7.1957883338876325,-3.8833950431838584,apple
15.74500099470128,5.200494280727683,apple
7.886850155818665,2.4656319705184226,apple
9.53294941241753,7.372889750409895,apple
6.169855987862839,3.7241050511781584,apple
8.356419868901774,-1.1608797063017646,apple
16.66741263957814,-0.8800970618290553,apple
5.59507778148367,0.6285001335037392,apple
7.33557578281317,-0.871700662499779,apple
15.121036126206533,4.399764159671998,apple
13.67259155901741,-0.49678922940699577,apple
5.826692334283028,3.9230649342171384,apple
10.342455817522179,9.127710871056726,apple
7.557993198185563,-2.509522738314972,apple
5.831389433015385,-1.3865446343643186,apple
14.16208259746242,-4.276499366226481,apple
10.276551761031007,-1.184268134956095,apple
9.80359464443185,2.510974443965271,apple
9.696170828882519,-1.875883549770788,apple
15.428878699948772,2.4993780920651534,apple
11.8063463751589,2.0244608605930248,apple
16.66365277386055,4.889727810746831,apple
14.898786117305814,-0.19554916388035304,apple
8.492268107691167,2.094565316455948,apple
5.7018331980245955,2.643951652780122,apple
11.11424283746746,4.9553062638789385,apple
12.328070406257222,-1.1245211557507409,apple
8.231123759249925,1.180445477466499,apple
10.164088028134552,8.580959328326259,apple
14.547640073514682,-3.787907048903696,apple
9.849486952267286,0.014986640501325033,apple
10.929713773698573,0.4363695533068799,apple
7.976053009224893,-5.740031608938214,apple
12.227972057425038,3.459680981701821,apple
9.18208214500176,5.102666397957146,apple
2.148359459262222,4.019012279574955,apple
9.946755295970362,6.616040420528458,apple
17.41125738395042,-1.2718735493282698,apple
10.79326920702978,5.778466055407876,apple
11.522554765515768,4.972303932516203,apple
15.288500225873479,-1.8194889173661828,apple
8.094049886773483,4.15940028840614,apple
11.108754828210706,4.666184518692857,apple
6.282017402363867,5.160135387080315,apple
16.74337998009653,-1.9442293054920414,apple
5.149076542894439,-3.8119521902479088,apple
9.428709401803523,5.3516858691440845,apple
10.256116383611305,2.216338988182193,apple
9.726911818241355,2.4421150313563444,apple
9.056471409673954,0.056329142363740536,apple
3.9884219176774085,2.3676051794973656,apple
10.489629514672982,-0.006257217057467068,apple
12.510190275764979,2.339394727546397,apple
4.928367114326792,5.3151668971346435,apple
4.004095263257213,-0.46182284945124885,apple
12.73657936849135,2.67777558145593,apple
11.413404779707736,7.18204892903151,apple
8.288730823924546,1.0783859686706283,apple
5.416142014302869,-3.4638992919213765,apple
7.362313897091097,3.0636141010385547,apple
10.222975120937633,-1.443319377628577,apple
7.05386967143361,6.8413253448208735,apple
11.365752445467901,1.1724156046232515,apple
7.972620785073822,8.40396820666748,apple
5.652974396931783,-4.800702900529899,apple
9.214620000737819,1.0262913779099325,apple
11.832714200468198,0.4864566806353958,apple
8.988436369347431,-3.8725653580181847,apple
14.621752803447217,2.237274883931644,apple
14.757603112428578,-2.5753733836343127,apple
15.12410337614206,-2.361906102595742,apple
3.2755466553729518,1.9829948989830426,apple
10.63775637883416,-6.98585730228645,apple
9.321682480648303,-1.0831856039709207,apple
9.457722560156688,1.831705921501305,apple
10.136539876088515,-3.448389012797417,apple
10.8024417349401,2.82403733247976,apple
7.3223742265654765,-0.8150666190047535,apple
15.642492975481565,5.953290396916534,apple
7.1436718896556135,7.744482268567337,apple
12.808632713044144,3.679118612941533,apple
10.578208869427991,3.145262906582276,apple
9.58503560150304,5.281555002177383,apple
7.791211351546375,4.5117472609060965,apple
13.999901631458114,4.100466452039321,apple
10.373693957135856,2.3094270748439505,apple
5.252608515599934,-2.57351997477217,apple
11.727668076288678,-1.1041721610016975,apple
5.903064692112066,-0.40417987049822535,apple
12.88424729951583,-1.4300394213425052,apple
11.944349189713195,-4.075457655654327,apple
8.455504769840761,6.1726338410603,apple
8.548293542163535,-6.075429094329407,apple
12.1547427288077,1.574299901812054,apple
13.529116695852313,5.35644252141306,apple
10.386263769557385,1.1253662397718156,apple
12.856895072280127,-3.9634664868944105,apple
4.878308982859498,0.7665123202829907,apple
15.142017765859105,2.7286517392159557,apple
10.184730077971455,-2.1626064973312356,apple
14.3444769343372,0.7836873961417535,apple
12.499342792451685,-3.4560576184968337,apple
0.0010512553869848063,-1.9947707935547525,apple
7.160927337494696,5.005161021415706,apple
7.766454232016901,2.6147443142169564,apple
11.271284627077867,-4.788746922710615,apple
13.777867056040325,1.0968344147847495,apple
10.517411913102034,5.229866296731343,apple
7.182877299732491,-0.6444807940365429,apple
9.439311627505322,7.296504690399695,apple
10.170345001322234,-2.1002346472142714,apple
7.379374103793525,2.5954537022665822,apple
11.895696923910538,-5.451897177399305,apple
7.397925461994838,-4.465864472184555,apple
7.160811167265699,3.7565735023020848,apple
13.89753515244007,3.344626852451972,apple
8.15198437858805,-1.289468912854082,apple
7.007225937434906,-1.7402929282365975,apple
11.515200373744394,2.5094312122396545,apple
7.392340614521553,1.9765361929585945,apple
8.860552904999697,5.092364713506619,apple
-0.7994952541644238,7.08054149360392,banana
4.421452365959274,3.2940058254369546,banana
3.217746593058608,4.342916179250352,banana
-0.2416838727825008,3.7854727103794144,banana
0.011110977051628224,6.0163287092848945,banana
0.8541318855410077,-1.8628014991015718,banana
0.04828118431339423,5.372261479138487,banana
4.129364368165549,6.795766994607378,banana
-0.20523729899472176,2.646850874307226,banana
2.9322131728981113,9.631687385197687,banana
-1.5926728369619152,4.039786156578758,banana
0.22610400545392895,4.384660891218136,banana
-2.3321542628797065,7.413421431779954,banana
-1.0835607040313087,7.969856975815361,banana
4.025539951539958,4.332986524597726,banana
3.1280834937057658,2.088494598494031,banana
7.988483291145795,6.5890547642068915,banana
-1.7964392569171923,4.55979420179698,banana
0.7711944500116165,7.692513553553274,banana
-7.607354627582936,-1.3178906257838854,banana
-3.654609263053361,9.336689366734031,banana
3.1337986000364273,9.588502511295841,banana
0.6413207308311,5.870453205969029,banana
-5.508537388349669,5.110740667153839,banana
-5.640294727114664,10.66490554822034,banana
-2.6576149497857546,1.4642100848399986,banana
3.453832378293462,8.177699261756143,banana
-0.7913294076749449,4.829523785631439,banana
3.4387688732156954,5.8485692617540455,banana
8.920870604439123,1.1090202215927678,banana
-2.8637957881800915,3.4719497128150407,banana
-0.7817141389861444,5.399124099993374,banana
2.3682352823057977,6.610494523582769,banana
-1.8077770936954236,3.9295577802614217,banana
-1.2878466644754414,4.265462688753814,banana
-1.7455235468029695,3.848899065775406,banana
2.365850075912939,4.611184783326807,banana
-4.558381807407698,3.402341123978873,banana
-0.47935054241724573,6.124426626489832,banana
3.602155598064465,9.195919811821135,banana
5.698992549602177,-0.3812371954480138,banana
-1.7459707243127727,6.007622521321466,banana
0.16192748709699523,1.8045697497215918,banana
2.4189167870424226,5.885963305990935,banana
2.9604794898441673,6.430927257011453,banana
5.4823247305856695,6.543125948209247,banana
-1.2680052088158273,-2.4859659020677976,banana
-3.2079353784729694,14.180167346452198,banana
2.336271174129098,3.954507740233571,banana
-1.8133068774907062,8.289527278555193,banana
-2.449620969974801,7.117164677570823,banana
4.716547076717474,8.135980991702938,banana
0.1353364352591908,3.4128247432230214,banana
0.43796764944018085,-3.8654801090303383,banana
-0.590747623064231,7.408175578308864,banana
1.9196931071959793,-5.265394990438034,banana
0.8301590901525948,5.619696720114957,banana
1.9002717152994437,10.48738251767455,banana
0.6735654577838035,0.8389746798405895,banana
-5.475296919146987,8.152114390791045,banana
0.22969070543183423,8.690247458081375,banana
4.475920119881769,-2.6996366701084398,banana
-1.703074695420134,-0.13034024302087133,banana
0.5600916412737678,5.1377574957834,banana
-2.0059254793509904,7.291178783167252,banana
0.34155948874279096,2.3557701931899455,banana
1.6289399290491025,0.6626850845175971,banana
5.052308114939132,2.621584955699575,banana
1.172034928868109,5.105794936106575,banana
-4.159066329402346,9.88638994249105,banana
-4.993538333716512,1.7886169364987894,banana
-2.7814248320841,1.2778126309175084,banana
-2.4368863294106378,8.908809955197668,banana
4.256465706923467,1.192108049234795,banana
1.690500554170886,3.0921922568212326,banana
-1.546346136549996,1.0960712157163206,banana
-3.0407962928437122,3.7608229608635755,banana
-1.8853636420318294,6.062275285910865,banana
0.18703093902680856,8.632022970255614,banana
1.023634751596295,3.250550131746885,banana
-4.3678967467227965,2.422266831398106,banana
-2.865125041061887,6.835803610851763,banana
-3.1187383785220657,9.090643043320252,banana
-3.746818752843483,4.083877689319978,banana
-4.197602833987611,8.949972803990855,banana
2.6284242351468654,7.432473848456692,banana
-3.4839660233039584,6.600011248977488,banana
-2.9259838789470938,7.632831389151855,banana
-0.8979123360284937,7.874340037706458,banana
7.013899400133887,15.40991574707465,banana
-0.4021809568965198,6.7429990760006495,banana
-6.522468703149057,3.0927581686292998,banana
0.5047381026088884,8.197140738709203,banana
-5.223294058255513,7.340802288093081,banana
-3.087667837124007,9.796756789832667,banana
4.414120358530722,11.534523890542356,banana
0.5282657506533688,1.6211968768825473,banana
0.5773479614472349,3.1243593380678663,banana
4.4406106392015,5.591678463628749,banana
1.6838627199048846,2.1592457693055747,banana
0.06628561669425659,7.728717974396885,banana
-1.7194567448374447,4.269180586372751,banana
-0.3200417680459977,4.493139464049845,banana
-3.277066886117967,-1.9606382835482599,banana
2.471778617005977,13.605201105077727,banana
-2.000037522911756,6.426380267105691,banana
3.1494178653510527,7.786950202412694,banana
-6.399234371877997,10.379627426828304,banana
-1.8543172236962353,7.019275209688021,banana
5.328756522810606,-2.197184837532408,banana
-1.2801127964803078,4.547530395435665,banana
0.7431389944815461,8.386873115295812,banana
2.635659541249212,3.098576188308286,banana
-4.945765762782935,0.1308780059427619,banana
4.56884643645494,8.98677330352132,banana
2.9409171072481906,1.299205701665695,banana
1.4082152803421957,10.787720294106894,banana
2.775175929804484,4.934650721563829,banana
1.3550629220992545,5.601739255000203,banana
5.136962521319176,10.20240188318373,banana
0.5820504398574076,9.662578605084896,banana
-2.5986087898146555,6.942504548025044,banana
0.7741858950523423,-1.4656806476848248,banana
7.475577350020513,4.842606406545691,banana
2.265886176445294,6.375219736380835,banana
-2.973161043120479,6.137848913752624,banana
3.102680239618409,-1.9876503939890071,banana
-3.660098815742365,7.1006357972507335,banana
-6.748511907962639,5.890715506607547,banana
-1.557560566807799,-1.6306615728383589,banana
-1.094052119618392,4.035826990315193,banana
-1.9907048885425116,5.530018380504066,banana
7.24650932481738,-1.4517993019588449,banana
0.8374651381806815,2.2168242608078867,banana
2.238280654429728,3.871965227631228,banana
3.203936296659055,6.433742609787874,banana
-1.5398163753038694,5.2461126549544,banana
-0.6929978777552241,2.2368812769633264,banana
1.6672771204246737,11.664425705030435,banana
0.09684444058191555,10.272323190131353,banana
4.37340376675614,8.363723513179348,banana
-3.2181295032249384,5.929062953906606,banana
3.091937931767278,0.5548977649431199,banana
3.4461429894995304,3.8153242038067656,banana
-1.279158816781505,2.585621838629418,banana
3.645626210657719,4.51002757464313,banana
0.4501340989777157,3.048330188709212,banana
1.1172846829354242,4.816011350675148,banana
6.802663945067391,3.954640101384081,banana
0.14121861036106098,5.038032395301243,banana
-5.39230829880528,6.1212572864721935,banana
4.046292415306746,8.207198906986351,banana
6.012895767353372,1.4559397180472184,banana
-1.4423455108140106,2.433222166736911,banana
-2.7094476637355815,12.614658010035573,banana
-0.24925386247902437,7.51633773610504,banana
9.301277759435546,14.878597526576723,banana
-3.341682770679353,-1.007355642789932,banana
1.3986986863991213,3.198705648946527,banana
-1.3578348181445472,0.15352297621037891,banana
-1.222891272905314,2.4112953898739193,banana
-0.3414185632661373,-2.645368108750983,banana
2.1042484762582276,5.237890501767756,banana
0.7104955473272749,5.8343746980133595,banana
4.687612022451354,6.719659404852636,banana
-2.867705013571109,0.7456020958488576,banana
1.057638516837069,7.386250627279159,banana
2.0911613339347,13.808341367880898,banana
5.576822970760585,8.738569163693727,banana
5.551848914153003,1.4654818144500559,banana
5.170173868719309,10.099488762214737,banana
3.7486216849115013,4.841211560056629,banana
4.417625356556835,3.2501899468109925,banana
2.5462773037493136,5.7753373308703955,banana
-1.929677115145867,6.605178062060747,banana
1.6044795785053725,1.6555147930637588,banana
0.9079679405870098,6.652128294879154,banana
2.6937505196786877,11.176035673972397,banana
9.482579224800785,8.090168209251473,banana
-0.6897664331515776,9.454118081990693,banana
1.744533955017653,-4.134676201058191,banana
2.413218396862329,8.031955231541946,banana
2.8336230951309416,6.015453802608029,banana
5.101970273503365,11.198467798106464,banana
3.7991709304402073,-3.9840981807190765,banana
-1.0177235951698296,-2.053610971391536,banana
0.19075928060167413,9.828378651977882,banana
7.304329698877585,3.736927294553074,banana
-3.791419155586592,4.093134428485243,banana
-1.9344005632314376,5.699051545139451,banana
-5.673510791818502,5.177192352299964,banana
4.126485977676857,2.719929484954041,banana
-4.46512765182768,2.49735848675842,banana
-2.882345578857373,6.420170973130661,banana
0.03471929757398862,2.6932066992905868,banana
1.8731594806283054,-3.3426852308442143,banana
0.516931482167184,3.803972834384223,banana
-0.44321177995380934,6.087982075677607,banana
3.932205403337483,4.153297641523205,banana
0.1044258847185826,3.288219724313935,banana
-3.8890750812673422,9.456152790229424,banana
1.184997781769687,0.8829539974981175,banana
6.080769325331577,10.018552821044956,banana
4.409873796320797,6.154527456612865,banana
0.7661256991256072,6.340089174642804,banana
3.043021149826077,-1.9987273861438837,banana
4.149710297127801,2.0137711512071252,banana
5.416572214170648,4.363704609583974,banana
4.670639899946004,7.358128342811917,banana
-0.681882517495396,3.75878512354687,banana
1.6674094931573529,3.565247210918603,banana
3.8615560600091254,3.644287717570517,banana
2.672025595832399,4.381264555465583,banana
-0.4493195968843129,3.9289310846503254,banana
0.4170470400008497,7.9028774860968,banana
-3.348508663386002,10.995053190676618,banana
-2.428785118960051,4.493987295256647,banana
0.49164839845410935,4.310671916748845,banana
0.05063650833492439,3.567141594977363,banana
-4.104164280027604,10.271898805082184,banana
-0.5702427300006465,2.1613561066289306,banana
2.5091879946353552,3.121957669862563,banana
4.456366392863349,3.6304143792749994,banana
0.009877806802918387,5.5932184691263345,banana
6.5277335655046045,4.809001134418683,banana
2.3460723184942536,6.573544706463036,banana
-0.03033255810394353,0.48807916228134474,banana
-4.1637337225605275,11.395131150624781,banana
-0.29090470238438115,4.053966261774131,banana
-0.19026782108676432,4.0264116630174245,banana
5.6438021439419535,6.0937452305481425,banana
-6.253444138143763,8.361674861185415,banana
-1.5638035191436312,6.019644906397183,banana
-1.4735737713435881,5.79174681901838,banana
3.4846340221836862,1.317267107195529,banana
0.3887870833439262,3.765203818230126,banana
1.516863831218708,3.226102705172025,banana
-0.38004995170198885,2.270300232281256,banana
-0.10166561488673143,10.876316932747692,banana
0.6688098505841003,0.08537578737404328,banana
0.12863950954599623,2.881019996579049,banana
5.716859825979665,2.8680565894536114,banana
3.22074041750155,-1.7183023000571218,banana
1.3950865526178144,6.194927512969858,banana
0.3364775602687857,6.128502976804182,banana
-0.06829853053732493,4.498552317852126,banana
-3.1069585770445993,9.415195289933994,banana
-3.720287961290259,5.490051841243762,banana
-2.9833192434144937,7.504252584929247,banana
-0.09423913144361795,6.735129606022024,banana
0.3402262016053006,9.77826892579276,banana
0.23345572883126997,7.935895974402506,banana
2.832563430807566,4.576685068913776,banana
1.7801935180986646,8.072551756220621,banana
2.125358597552179,0.925457824219257,banana
7.270766736407669,8.280931199493512,banana
-0.4643800914834364,8.126201327223265,banana
5.014209510745518,7.694812057527804,banana
3.17101198552464,5.554791652535921,banana
0.2041248498089998,2.8008142716893576,banana
0.8981311381994607,5.490750819602578,banana
-3.682894844252977,3.777921466660667,banana
3.4274422494735957,2.768367688798325,banana
0.8935924950204976,4.89192054127558,banana
-0.39146909773625294,-1.2044015277560929,banana
-3.864364467525877,5.089566228533499,banana
1.1376994293521387,9.027680917787531,banana
3.8983505244118164,5.114625087334851,banana
2.940587314490808,10.044046550781351,banana
-2.086125803780739,4.544025650631115,banana
1.9967468487593512,8.529008779274875,banana
2.4808495218808773,7.526801369712421,banana
-1.4322449709571279,3.5772103140231564,banana
-1.7220878979519716,4.920723589928957,banana
-1.5452306288841773,5.465928642281295,banana
3.399066705681088,10.79485247449421,banana
2.568922065727077,0.7606363273237742,banana
1.0721339133559606,9.70008253041695,banana
4.0460669767937905,8.387490965856017,banana
-0.9568466810439247,6.429521467352533,banana
1.8675643911872117,5.0089461903577135,banana
4.311311099506227,6.5816734621985775,banana
-3.981338900022985,4.351369560520213,banana
-3.2390373564177004,5.97227747217856,banana
2.312415073332353,2.9775450532966388,banana
-2.4695516494806458,1.08610417119319,banana
4.86839758710941,4.461035307911381,banana
4.610592146861098,-1.9370423459675088,banana
1.5508434767331014,1.8207633033122574,banana
6.2394228626939885,7.178041029446207,banana
0.39952395736136426,1.701983608896306,banana
0.8293949147522104,3.330005026779431,banana
3.410702307901361,11.643673313416247,banana
-2.598191829164937,2.7266847606621356,banana
-3.6608309409111035,8.331168476146168,banana
0.7708281844341474,3.5382326385098524,banana
-2.2967348181078213,8.407202645281313,banana
-1.2933290399099757,4.619385019031633,banana
2.2182649661707288,5.555451005560738,banana
-1.4891215112900205,3.6153919372321366,banana
2.202425369549025,4.607687280738316,banana
2.4113243124450356,5.857752983342345,banana
-2.458882514220637,3.1546856734383324,banana
-1.765716543589106,0.9850946940852889,banana
2.698669750130441,9.47516566869373,banana
5.3756286312070385,8.150763617567234,banana
3.518829946312216,-0.1775065981170698,banana
-1.0817123109350901,6.541614015834268,banana
-1.9871353918099182,4.025609990831466,banana
2.8434829807006974,6.222410336148978,banana
2.5744895111739172,6.777983387531831,banana
-1.9096268412176363,-0.07308462690208017,banana
4.729167849946188,4.559321056731465,banana
8.905744798431664,8.934090386205707,banana
1.0371166947661057,1.520812204592859,banana
-4.580862419853842,7.749101082442078,banana
-2.9405606978473893,7.176222915441632,banana
-1.2312272660535317,8.367462439425903,banana
2.0516177071791564,4.143621078392359,banana
2.993246757088687,2.990058049028492,banana
5.9255537802611045,1.2178673824329245,banana
5.821975627873902,6.9358924156859105,banana
-1.1649006118444354,8.523511507117435,banana
1.9666583636191737,5.814915179288946,banana
-1.2200712901090993,6.373157319405793,banana
2.4411178101212583,1.6849135121437486,banana
2.548344851240767,7.799423410879865,banana
-1.8428498070288586,12.274627463051498,banana
-5.718116940123213,2.9318004166411344,banana
-1.556718787028514,2.4246621955879792,banana
-4.492028432647375,0.8578909133131187,banana
4.562745009654094,7.522719326915951,banana
5.9379835417956315,3.39570528537698,banana
-5.611922012065099,6.220082835468198,banana
2.852025036336264,7.461090789867379,banana
0.8490743254907049,6.6110207493079045,banana
0.05147773820327761,4.223177190481032,banana
-2.5059649471336467,7.18714038690989,banana
-1.268328340962837,0.7991973481561887,banana
4.237007297808344,1.0434249870387662,banana
-2.032862892649948,3.4546423494154213,banana
-2.401306184010506,2.515184980905779,banana
0.09020504452033795,0.16505174837926706,banana
-0.2806604151413121,-0.7030907589817685,banana
3.4616770046052876,4.154353589259401,banana
5.496811691132285,1.7277730132204003,banana
0.6013758035606664,8.07883835995412,banana
7.99634937553292,1.9615085093662255,banana
8.09593517786664,3.6030832568179694,banana
4.004885424128864,8.493492584972099,banana
8.733374949424851,1.3199153344080576,banana
2.271437392430112,6.602748664133751,banana
-1.4349386593226576,6.257909130342892,banana
-4.149414964050473,1.0546886976113559,banana
2.427913539481284,8.975406394725649,banana
4.8211589107237804,-0.27149317332295997,banana
3.3924817858729237,0.40621831567258315,banana
5.065257528057947,6.577154922186147,banana
1.783292526347573,4.465410381330554,banana
-2.6475750584405615,6.1903920970891555,banana
-1.1786319932462432,4.108887875932728,banana
-3.7664016211561435,8.348946143264495,banana
4.533621862469703,8.13618224519917,banana
-0.2034392806382177,1.7392024002094013,banana
-0.6200988294658241,7.056619460994575,banana
-1.1457515698861682,8.53842251544417,banana
-0.5851159876042367,8.470061955393005,banana
-3.9262793299392165,5.2652645916559715,banana
1.629382467860883,13.568302352090402,banana
-0.8263814694048119,-1.287236398827547,banana
3.718568616786193,1.815960563620135,banana
-3.9009660065837046,5.338043989646715,banana
-1.8852765253392403,6.785260038316547,banana
0.36595923412316655,2.8194550255983373,banana
3.467597950360308,5.411291866003623,banana
0.26311577363782046,-2.506666279290429,banana
-0.08611983479763063,3.971444374532102,banana
-2.2819833023581277,5.826235444567644,banana
2.480879986692049,7.906786170102777,banana
-5.8711531711164175,4.496750363907897,banana
0.06211937858593686,7.85038463367993,banana
1.8593650228215832,10.15730829887003,banana
1.0775726791673654,3.969315449706502,banana
3.6432665869053875,9.27926948605728,banana
4.1886257508959925,11.599202180385651,banana
6.914979687566667,1.238266225186626,banana
2.812492844788867,3.9969084678287627,banana
0.2148938943768235,4.845122902815389,banana
-1.241320914928839,0.2429184695448514,banana
4.634843038318127,3.4396335609057775,banana
-5.03787613699615,9.181505077834068,banana
0.49329184635853185,1.7965837130101794,banana
-4.16773591516859,1.2611394943920318,banana
5.656068406053427,-3.9555591153875884,banana
7.066533755941545,3.5420494299413776,banana
1.7967415533701367,8.320979723702994,banana
2.1585746610508103,1.846119957920724,banana
-6.247395083346715,1.4845782817770816,banana
0.22772377010565914,8.581973507658848,banana
4.648860522200871,2.863075463906173,banana
-8.67000849621013,5.827520794740211,banana
-2.7278175648562253,10.960207332480868,banana
2.1587744451616415,8.030233014740046,banana
1.631798713510351,5.853213162483381,banana
5.008397741745097,7.1258892735489985,banana
-3.6892845412036177,5.022990006788987,banana
-1.4865381979099315,7.304227874049824,banana
0.8923741604520371,4.941702257067082,banana
1.3934725585220837,7.161748408930303,banana
0.8830454010301916,2.892065047141219,banana
3.8846793960665096,4.561689614293799,banana
-4.292862997222821,9.398185873574082,banana
-5.805420839595306,7.50364314380135,banana
2.6148151535078767,6.932528690681362,banana
-1.593206995845379,1.7074966346556706,banana
3.835754123669511,8.718213236127214,banana
-3.2899965206754125,-1.1025987009808196,banana
0.6169434973870391,4.825425864772959,banana
1.661847168838423,15.331440989169362,banana
-1.5689891772003017,9.95900698351372,banana
0.24881259496663388,5.697714143453591,banana
2.4534889204335855,4.410399301829445,banana
-3.1746706736601666,-2.5240135638898105,banana
-4.206177065453844,6.404848276944728,banana
2.0819964895960807,-2.503308787410953,banana
5.155425799805409,8.719547120967903,banana
2.969942817884184,5.685731449407342,banana
4.999306777251818,8.907501193388889,banana
-5.430132378754048,5.778597082507503,banana
0.19700271524768076,3.171529737579121,banana
-2.430536637298323,6.462530611110589,banana
4.34951793047602,-1.4679281509121553,banana
4.87480350464089,3.4893157347755848,banana
-1.7768486901179035,5.714368346294297,banana
0.18145706691680819,2.0469518875116473,banana
5.6388225107239816,3.631549115674341,banana
4.340762571059572,3.1047353403106195,banana
1.0708313533372131,10.351524314597091,banana
3.8127178228824423,6.5273982383380424,banana
-0.45103542355486614,4.682943757661246,banana
1.3952608088659662,12.171100648060698,banana
-3.5124188622116543,5.2322423344389986,banana
5.967018306410263,8.990001307044539,banana
2.3467838082770296,3.287977599264511,banana
5.333281873312918,5.600231142197347,banana
4.615742306886672,1.6806226853476747,banana
-4.520034412008609,8.669439017408976,banana
11.054935510811497,0.3819677302486282,banana
0.048775793545903,6.511238345114206,banana
3.746947004702978,8.115322792277482,banana
-6.102423012608439,4.226576508733545,banana
5.362092762266491,-1.796611030970297,banana
-0.6985601368688183,4.851675363426712,banana
0.7933674344838428,6.224562331296025,banana
8.199145355062086,-2.733519741316628,banana
-1.9831448812467825,4.747507645571874,banana
6.682057979364651,9.6081769608456,banana
-1.9782463843637599,7.051826743518359,banana
0.4766661352482493,8.277096871570816,banana
0.24833839866235852,13.761557064004283,banana
1.0890229144741927,7.049914948808835,banana
2.409764997199453,-0.16548016495977524,banana
-1.6053759306128388,0.905924236394867,banana
2.5835367446329194,3.7611069582536776,banana
6.896646494262969,5.030433671385714,banana
2.9401320260110886,8.155585683397875,banana
-3.1258085203340187,5.6449118866005294,banana
-1.8551203309931341,9.693952478499105,banana
-1.5511881119103546,6.472324870426335,banana
-0.3384570874936599,5.451990325282102,banana
7.374758260501675,2.258956733922462,banana
-1.1809032781494424,1.169106510758617,banana
3.359110176511669,0.25252735682795446,banana
1.955814338020978,11.011378053627443,banana
-3.827010423500325,6.757042828189936,banana
0.2427375735530397,4.577039226248413,banana
4.006308761952855,1.754636156914104,banana
-1.7430320078497803,9.771552394898608,banana
2.7587650958447396,5.320100276304152,banana
-3.3250000876880073,8.411640808487952,banana
-6.9115500409800665,2.7835191103919583,banana
2.3621376232503777,1.6487107043652403,banana
5.040465513123146,7.569211271046367,banana
-1.2531708180381482,4.101758295608624,banana
-2.5298449080263268,1.310248439466168,banana
-0.3671855188063038,5.802218715625651,banana
5.709373443848149,1.2777210614443453,banana
6.763510891236109,7.537998591096465,banana
0.9637002628388548,1.7402875704326561,banana
-5.508241918721717,9.64909892692053,banana
4.618420772104153,5.568732197312793,banana
-0.7332726510600964,1.3652260200229045,banana
4.667597887918488,7.182311569815644,banana
2.427737581100738,2.8118095167709805,banana
3.6453768832441766,3.1691962990488447,banana
3.027034520670802,13.043584240232358,banana
-0.6754191199682809,3.5983326574135304,banana
-0.5755093677772722,4.983812475711627,banana
0.6125941722633858,6.5060215749436505,banana
-2.998029906315393,5.915000758593331,banana
10.408420443904737,5.867296049330816,orange
1.5532506141380864,1.9744415908229627,orange
10.052914139322972,10.417700945435707,orange
15.42667750302069,11.72156052410074,orange
5.413195701980838,11.617003664853124,orange
7.2062086510850545,9.246857402914978,orange
12.631065374908943,13.593333010513314,orange
9.094737200037844,14.930774332852785,orange
12.641652066203298,6.409568495080181,orange
8.24693792865706,11.828412381273955,orange
12.979536413076083,7.346184688046922,orange
4.61520896035417,10.470752788061125,orange
3.9370118136201384,16.486701698037155,orange
9.750614152150332,13.528240648957283,orange
4.419668910974814,10.677552155221182,orange
6.837425734986941,12.630344735236713,orange
5.679542174355896,8.696675104121566,orange
7.8023116691568575,9.089144714844636,orange
14.333572070406845,11.501581911960667,orange
7.130187227869094,7.605903708703768,orange
8.210374928113401,4.361758452867663,orange
4.267154709973399,9.562763732203175,orange
11.08878726492032,7.049587225384705,orange
6.353102854800165,12.68634068897865,orange
6.971340069056442,10.971628135844478,orange
14.98646724558831,10.320523529269105,orange
7.728241976257307,10.661009179009286,orange
12.890941181659986,3.219869247314314,orange
8.366339489145076,16.19021928696662,orange
10.775196555326417,11.531233818403182,orange
9.628785911531633,10.118285281582931,orange
12.446697401578538,7.643276038884128,orange
13.460205996312292,5.700502528187321,orange
9.334402726682171,9.334145025656195,orange
7.050745358066706,6.54224063627645,orange
4.510189873390473,10.726997120535728,orange
3.649972089098192,13.422368544051514,orange
3.7828354803510775,13.903022005957816,orange
11.415577008854095,10.935869288797702,orange
9.707519462802487,11.234705549223005,orange
14.654304977730396,11.922884015458232,orange
13.273552298291651,5.226266328451262,orange
16.390884929692525,12.734614509870458,orange
9.887410671546055,9.916054117565409,orange
6.82242093995524,13.310435350012362,orange
11.203008894837541,7.512822941255585,orange
14.599480298616411,5.293746297900687,orange
13.56203200046563,4.772293876066473,orange
5.431882348977574,11.592168368772732,orange
5.132485706809023,17.738445075671315,orange
6.7904007421406005,5.353201030804055,orange
6.9135430923561305,7.969210525808162,orange
10.291587623026217,8.557946028492989,orange
9.158473313197304,5.448913217749317,orange
12.493954848324421,9.725138873085058,orange
8.72415551318617,8.886325410475388,orange
21.363967993869586,10.972559378309153,orange
14.232989713434435,10.361226554904105,orange
11.219909861123687,13.25649975597776,orange
10.847601181864231,8.014732318236794,orange
11.856218286990327,9.63744958077556,orange
8.83542359582415,11.206680571489859,orange
11.59344631361588,10.035763319874622,orange
14.072281820410172,8.669378407993344,orange
11.077197201535522,10.773214593070698,orange
8.17322577647667,10.189638082293264,orange
8.040458795244918,2.28934401804497,orange
6.468408460654956,13.687258937476216,orange
5.04817935030703,13.15289638059202,orange
12.463847747193903,11.251288970838843,orange
6.982863922460611,10.882702896789294,orange
6.794288819899803,12.01163816965595,orange
6.601874391046245,17.96345439509926,orange
14.537031989357377,11.484639127160332,orange
10.424195711135857,5.715592136408436,orange
11.107385141621986,13.06906135330297,orange
6.881469644216876,10.93658414852262,orange
7.444698467954085,11.374727112252424,orange
7.079093502156205,16.49963883160271,orange
8.589078928218306,9.05074159013069,orange
12.923063209959656,12.88161236949604,orange
7.674930292194826,12.564592956419924,orange
11.769597482091852,13.61096967292585,orange
14.196770652168839,17.55024048111697,orange
11.45681454160545,3.3729448102932906,orange
4.769198110484894,6.039836877317785,orange
6.878983049218474,10.826667441865785,orange
6.722163719960691,11.36248325112162,orange
11.153750751664237,9.994759112606896,orange
11.9506503672352,6.529789035555809,orange
10.229985104906447,10.885792586316434,orange
5.570595922467557,10.376563492234183,orange
7.278086284672536,2.9730747488556046,orange
7.738442234465404,11.322137628899823,orange
4.664103835324102,15.467015205605428,orange
12.641913769115455,7.8349345115723565,orange
8.328628217597295,5.684515604887599,orange
10.318513569081698,3.2092801966859854,orange
6.193762481886035,8.517450894315413,orange
10.179473189340104,9.365764667359072,orange
12.553464943203554,3.33289946671791,orange
6.657213373226224,12.48099090281387,orange
12.719413204081405,8.008949676133048,orange
14.652447578592955,7.519602764704433,orange
8.604953295359888,12.247362120951788,orange
13.181032031856573,9.302838665440655,orange
5.8900051817883154,9.749178361976863,orange
11.361114087595183,8.341323187907614,orange
10.187738719294737,10.172357077347206,orange
5.869298091648656,12.110120735096874,orange
13.010771796757897,7.878723728044999,orange
8.73593752428855,15.213641920359839,orange
11.057523080523827,18.06491763353157,orange
10.4197106140966,9.165255747303194,orange
12.282685475069403,8.252994741430106,orange
10.261120355896947,7.377995019971051,orange
4.310882680990998,9.320105873157583,orange
9.071952142871707,13.310632486354411,orange
12.379675323007366,8.748774209441168,orange
11.47361921231498,14.686075114842579,orange
9.354970455558794,9.187036293519073,orange
10.166761884467853,11.507047500988875,orange
11.500229032967711,9.727360010824125,orange
12.538161007586892,3.512215637778981,orange
10.530074486674426,8.859666404457894,orange
14.28352518079874,13.1598907284075,orange
8.365765611228685,8.082080202705633,orange
9.044286989039493,7.221340942999056,orange
6.734221522543182,15.440470147987304,orange
10.845919609673656,10.810890488948854,orange
4.469938174378537,8.891857904848884,orange
9.65080915715962,12.911275697725927,orange
19.04298956224735,11.783198096623988,orange
6.260229711665125,12.425743699270786,orange
9.209707503580473,15.911473740856586,orange
8.0998770265777,13.145501692530262,orange
5.569623284170662,-4.383200687028161,orange
11.965454119239869,3.162152568619149,orange
14.374906969328222,14.713482580101601,orange
19.964726069185346,6.014031538636164,orange
13.429031105043833,4.373786075136064,orange
13.163178123852223,1.6940471041714567,orange
9.713608527828587,0.750107545332865,orange
14.405866457741269,10.38181793004755,orange
11.651783069837284,13.791194446130717,orange
14.581452499910984,16.423219191853114,orange
10.11687954640181,10.551376008680169,orange
4.496769921014827,10.302323835684525,orange
4.928303217341302,8.396002587701865,orange
7.789480064911446,10.518271289202309,orange
8.324536911352101,8.77992673513039,orange
6.455259348130285,10.712501289424651,orange
11.045572624843869,5.222858646790704,orange
13.255954079898238,17.96453722404596,orange
10.225372381342039,11.876704305506244,orange
9.787373152514455,7.699930704835545,orange
4.160596331866657,5.172843558474448,orange
13.843412026737603,5.522648879934333,orange
3.1866541484826207,12.964929564098362,orange
11.220386736817993,7.629170309245742,orange
10.503313226756639,5.127431623532485,orange
9.982092556986496,12.625512599334133,orange
5.807405482249235,9.900592747948142,orange
12.083776519021189,13.25939809367814,orange
12.401692820787149,8.721424999874802,orange
9.283223471569972,8.998900262725519,orange
8.151216244422994,5.3030868253547325,orange
4.115212355672535,12.84047799368327,orange
15.24406358498028,11.094998829658525,orange
15.334443989304035,8.035909829280806,orange
8.930300173044825,9.682556237991086,orange
7.77441888928726,16.025302533380334,orange
11.913751167211238,18.367200517515514,orange
11.369135630887031,7.120453925366405,orange
6.541616551779219,11.132979283265634,orange
11.868321932689044,11.4238487723575,orange
7.295968536667881,11.500034118380032,orange
9.28882962985272,11.968637513896653,orange
8.3971999235535,8.754958986356758,orange
8.280505022348008,12.982748151475073,orange
9.379742046511044,8.576861449015885,orange
10.946054819277066,14.681936647221857,orange
11.727957456859736,6.489208210601518,orange
12.631381038430277,12.850519961210997,orange
14.626588027931916,8.75072920234615,orange
9.673827428291597,9.292132281919038,orange
14.944244626932646,14.692022566710092,orange
14.840491292265813,8.848889761630295,orange
5.472031926386415,7.646556985887375,orange
10.365268153503349,12.142654658113265,orange
9.581430101204756,0.8067800871920916,orange
7.055571264678262,10.283102004068496,orange
11.046382198098918,17.042671617888395,orange
16.943795557313617,5.218814269880879,orange
10.29378178044065,9.379106263719665,orange
9.351203105144243,2.3004072355254923,orange
10.267733493625053,11.643466920833518,orange
2.382624455914055,9.860906228796317,orange
10.462655669632076,8.237192396757262,orange
0.7826043632016795,14.65863733550202,orange
9.736746475810385,11.748858094343943,orange
11.383992371330429,6.92452722491268,orange
7.470135427131619,11.088515847082855,orange
5.803038976037756,1.2541079447477692,orange
8.140806982980363,8.812545700553809,orange
10.476616064142052,10.757789935300613,orange
12.138782569313609,9.743703912659743,orange
15.49781056884978,15.90736350486632,orange
11.684249632658567,10.490698384435916,orange
7.572597726117133,5.649050878275364,orange
8.012157091043445,6.440735261840176,orange
2.1486712717912324,6.37700278416772,orange
6.148904873650451,11.323746409519382,orange
5.692432302753952,6.995845213460221,orange
6.287599117740551,7.465677492174384,orange
7.363391467262696,11.70099416461079,orange
7.895581798167575,0.5878861683138599,orange
-0.4483433764191602,9.607227433355998,orange
11.042887238097011,14.069270141667694,orange
12.815708411658933,10.895601788381999,orange
11.658615348513447,6.654356183298335,orange
3.546621413524827,11.501143374579936,orange
14.176186957318304,6.885220652642415,orange
5.967277856986473,0.6163960359878384,orange
16.173482422885662,6.060118634090678,orange
16.249916029613047,8.48565597718509,orange
3.6730353859955924,12.353490275725253,orange
10.857445889879582,8.971050582942327,orange
12.11113601362068,3.6593183895782895,orange
12.257185195909186,9.049767151400147,orange
4.971335349962141,6.652938236451449,orange
10.78860447572361,14.620815485454713,orange
11.057112101072526,10.997097965109043,orange
13.455846331123123,11.587975208954944,orange
10.0276080188342,8.124337852355264,orange
7.137344475448058,3.746991459703061,orange
10.858960771617332,10.099887890100389,orange
7.101967050863244,13.49731486983788,orange
10.13860725189287,9.780175342439653,orange
13.256976316808412,3.22458223454899,orange
12.057637257426485,2.093792868451459,orange
11.0223177485483,12.183399326419606,orange
9.508671693616067,14.536973851493503,orange
4.027885335842524,6.589562358811885,orange
10.910333130332612,14.523422536923793,orange
6.7239803943793675,8.658745976301965,orange
12.878310220622275,6.025751475618006,orange
14.390819859862942,8.205929290205777,orange
13.290897194995125,11.091926197207037,orange
1.688649626021915,5.386823601794733,orange
9.629793223201494,5.7770281099112974,orange
12.931962262740727,10.58149324746487,orange
12.141416770181047,10.984415995384815,orange
9.48893571144133,11.894182297411456,orange
9.35528305267287,10.436034450865769,orange
7.593006233625058,8.73962895051827,orange
10.10558894933405,14.649720107617267,orange
11.965617219299869,7.009476140271427,orange
10.51873229433175,14.229397989228852,orange
5.6532548509102485,7.56050745024014,orange
8.55615935511958,8.533991643170198,orange
5.369972581687392,7.252531355340322,orange
10.06679928851524,8.841951327005306,orange
10.473652592674563,15.177652563695663,orange
11.033330454565535,4.463210178900892,orange
5.237914511144889,11.776443115002113,orange
7.376975153151257,7.7684171942220885,orange
8.830062298874543,17.102675824371676,orange
4.585153881074261,14.914742860586811,orange
9.07504638676971,9.096283043431846,orange
7.718165820665759,4.7896760967686305,orange
0.748666254234525,2.0296615629206096,orange
11.778961041597105,8.320248114518355,orange
7.907699392970301,9.287010571987102,orange
10.69387751926027,6.731513293321981,orange
7.787447675835545,8.376749271337708,orange
15.247926994981661,6.684181200897555,orange
11.716474844165571,6.389580053260874,orange
11.569922674742513,10.17888503603362,orange
7.121021793257602,11.784237352624093,orange
12.38211441501513,11.960650312192588,orange
12.005700019147044,11.328245343891718,orange
8.421130525804164,8.926183941552514,orange
9.905872756490451,8.79918873118917,orange
6.519640305060712,9.187033793761323,orange
9.669577985611276,10.35283521872725,orange
9.118081073354261,11.888587930798279,orange
12.916592110518277,11.662632898189766,orange
8.704533075770847,10.155049118443305,orange
11.186671258039295,8.567612262834082,orange
10.656639765549714,7.854159089167241,orange
17.244554984109563,10.756349613493233,orange
9.981657631383099,9.131922934622562,orange
12.153727626409957,3.6013005034046914,orange
3.7903215740001786,6.1084723079718435,orange
10.389429375162784,10.819249211820615,orange
12.541483703306575,13.882678254495556,orange
3.9369917094330837,8.391068687349618,orange
10.224554123040198,11.340730442674364,orange
5.023858322753264,5.050921851019966,orange
9.994311816710033,15.246224255291668,orange
11.501067969820054,16.348083125032893,orange
9.131123187688242,12.925731349413219,orange
13.996651058298742,9.058956154958487,orange
9.533958981178978,6.511760724495474,orange
11.741887522424992,11.777218898238631,orange
10.799939920925237,12.904755608875384,orange
4.171215728589658,9.725230503436903,orange
11.746673666239175,9.93249848804684,orange
10.804345990798556,10.127595535893553,orange
3.3753636153853455,15.279291925081989,orange
10.878738114735194,13.78131236057187,orange
7.337845835748579,11.08271074432451,orange
13.578161101192213,17.27104320286656,orange
4.415563238157473,6.767918234296477,orange
12.976704068560801,6.5799190231957745,orange
4.7378827326754855,13.52713145954427,orange
7.325931320509719,10.641217792934354,orange
10.786445106555249,8.432564495061682,orange
9.950690764951066,11.306578634469272,orange
8.49480760432287,6.315940842080895,orange
3.188798548910082,3.202425863679311,orange
2.6293239481997963,10.811335334342608,orange
7.530358969161192,10.451337777319852,orange
10.307834265507799,10.972703322617415,orange
14.243202113070033,9.7909918508316,orange
8.100820060967067,8.341306766410982,orange
2.3585793077378385,4.110417533526019,orange
13.606944609058747,14.889007680724255,orange
11.479727211070696,14.529399780187969,orange
8.92759997272007,6.719738868356307,orange
16.719776939701276,11.083767986195372,orange
12.474575502472439,10.815004969870548,orange
8.422282147791588,9.49173647769372,orange
10.296353791687174,9.565831381313135,orange
8.018396968777283,13.946269978695257,orange
9.547657866305904,11.403429160595252,orange
11.19827573556017,8.582369048171433,orange
15.957985379530948,6.690198914010795,orange
7.706568853205599,10.320108554400782,orange
9.424713979783352,6.393020973475662,orange
2.454036252413177,11.055735165046265,orange
4.237947518246882,10.99313084860487,orange
12.32276954722104,13.277876207254137,orange
14.926370726264683,10.917275395021429,orange
9.656943894786263,4.601650683812023,orange
11.189173630605213,10.68701857598902,orange
11.520100332608289,15.482066355452302,orange
14.315667501169436,10.10912346393598,orange
12.975885804809892,4.42677407780489,orange
7.716730439860228,6.3339314583197694,orange
6.42900977549137,15.421100465201611,orange
9.217653311242525,9.497926034441406,orange
12.33477321068097,8.694469717264031,orange
11.622976084571338,13.80920099384785,orange
6.052879926433066,12.15909348520588,orange
10.107873670942585,11.258137011810055,orange
9.749413908757449,10.437171245550108,orange
8.271870788361621,11.145918099615788,orange
16.425086450020792,12.378519137047805,orange
6.6730816732269576,11.338112046927817,orange
11.586734098333066,9.324288884342858,orange
12.438291934155059,10.236190267745352,orange
10.905139493990239,11.729426814769266,orange
4.005039269579523,9.901855302106911,orange
6.2146315925635776,10.027337529355398,orange
12.775009128199386,14.546687055535605,orange
14.78805079574397,4.889601932372412,orange
4.035328847707074,8.943656858940566,orange
15.025347513915783,9.139292716569303,orange
10.094129833995815,6.4336196526316565,orange
13.238603047207878,10.875659285609938,orange
9.457541048487897,14.117369903131436,orange
11.554637308429239,15.81360664511017,orange
9.499315559347814,14.687066140158667,orange
8.343367283996828,11.498140081099637,orange
9.926998318184133,9.37570766445503,orange
6.437870687847944,15.71008790376612,orange
7.595966477238157,8.955493978170695,orange
16.256675155260435,6.750629007549457,orange
13.246800589525431,9.081277912277622,orange
6.254007304371775,3.033699822743996,orange
6.799450385184265,4.8348716212933205,orange
12.579507544290749,9.581064449976946,orange
7.464707482816902,8.595898654581621,orange
7.529930144425606,8.73539047132179,orange
13.122902277900005,7.451344192452796,orange
4.959907388052921,12.214571240811917,orange
7.929256687944758,7.610721889682054,orange
8.40529091520361,7.1991429353865435,orange
8.105533598687948,12.29755315101445,orange
7.726625852427386,7.34904895710779,orange
9.646437897733444,15.260221270318862,orange
13.375191007944036,7.039715878008925,orange
7.941346022240807,8.403155360645714,orange
10.359263092687378,8.754257519956887,orange
9.0870540384073,5.47014690097085,orange
14.64076380931354,11.001303945358483,orange
13.014382305322727,14.067187891065938,orange
11.41644458981964,12.0441124998529,orange
15.17917958754525,10.108940652612795,orange
6.756207464658827,5.917973750666059,orange
6.848256501359726,13.887307435479773,orange
9.39943792113981,5.781523711191372,orange
16.69295681001456,13.715438326606565,orange
10.172551457100358,8.014446476111777,orange
8.456332481528413,11.962260795355151,orange
11.620607944012596,11.157760759815108,orange
8.839342256523155,-2.677404843381243,orange
11.315749579910639,11.478437310340425,orange
5.3357542680901116,10.277003047186733,orange
12.143566607097467,10.34374735102694,orange
16.128708677457574,6.8621145503732315,orange
10.448616844178511,8.611454202178864,orange
13.553365378041706,11.937982990016442,orange
10.04382989734506,5.609224971130455,orange
11.039666738546554,10.35825860901422,orange
9.565648234392132,8.340749201303947,orange
14.32935702627571,5.876729203828706,orange
7.2067405379776694,10.453809788877718,orange
10.752460204327189,4.095458703112748,orange
7.312828021318703,8.064789316228488,orange
10.414106869259603,18.77137662604561,orange
10.004196592999168,7.440835242739115,orange
10.758869608142751,9.249103620238365,orange
11.565649219027385,7.564074930482363,orange
6.4272238068850776,11.316721288316224,orange
11.710206383717464,7.378132456957962,orange
10.464955132074197,10.330163210885894,orange
10.680547429645685,22.451916213895263,orange
9.557580694506889,11.670344586427285,orange
-1.174934335848178,6.057289143477435,orange
9.045789139577685,9.06474345237178,orange
12.17197449346515,5.018879625604937,orange
4.2282712906318185,14.125869204164497,orange
12.608588576156013,7.679699736308559,orange
10.50451819388865,10.694482943372892,orange
7.899045585988079,9.873644365451584,orange
6.590618840761721,12.40815448419163,orange
11.39577151922406,10.361357767309736,orange
8.585985278476386,4.1995396168633095,orange
9.930918109379874,19.905941001869436,orange
10.437607014684367,8.243438115209665,orange
3.2116310730733684,1.2135718533141304,orange
14.994017893373531,7.847342968692294,orange
15.163779290612599,4.789725814747845,orange
12.761292260821751,13.638081952260649,orange
8.379724804462684,11.751310980822078,orange
6.671831494339214,12.442737965858438,orange
9.750866895383316,11.883310335268185,orange
12.13890286765885,12.947019516091366,orange
9.82841487437485,10.61051828807723,orange
14.92657923643816,14.749718672265063,orange
12.414930545838885,10.950079149488566,orange
9.643954182604894,11.926067368242116,orange
15.022484242778688,2.738673970239968,orange
20.76428920197082,6.362756080301693,orange
3.140577850114809,10.028218289655728,orange
12.091453390449082,11.885063911826528,orange
15.19441309223615,11.976469803070387,orange
9.229812381466484,15.886685564995961,orange
13.441621474940513,8.68080047911997,orange
11.334008428444767,15.493172092261236,orange
13.30785634668854,7.343973569735234,orange
6.988003576253311,11.523169125791725,orange
8.656028428166632,11.523152394143178,orange
11.67619295010982,2.030492492968106,orange
9.48591963858642,9.792209756323269,orange
0.019193330272701203,10.894180145583395,orange
5.1755309795054485,8.409283766322806,orange
9.761738763645235,6.457239342315139,orange
12.187700272575427,13.786296396362557,orange
13.602245050513243,7.597920853532171,orange
5.9994720927976655,5.282818682463749,orange
5.280181193064416,12.548430773579167,orange
9.230604685273603,13.276940999424244,orange
6.618560020564015,15.71566779669477,orange
1.7736929773447034,13.082342579688826,orange
10.768774488883876,4.6502017046310815,orange
15.552256242793005,12.05932237042124,orange
5.321630655481105,12.305337314706845,orange
2.8043384943536243,9.564325367037874,orange
10.996101717159181,12.065747781492567,orange
12.731529720326938,12.648243957368885,orange
7.5637615676488,10.69185181679807,orange
16.12479058682154,10.887699737686606,orange
12.443476779501573,10.919849692976953,orange
17.20497617223684,10.91023181225795,orange
9.63310823183461,6.058178440563903,orange
11.319723949636082,11.905028874510723,orange
12.371940082357533,7.884647466296585,orange
8.372276806568374,7.939088679030901,orange
14.437860428455409,7.579574747722815,orange
9.791355337765783,14.708723412481547,orange
15.319629658284581,18.35475796858924,orange
5.723135365430805,10.423754126413366,orange
5.526110836301737,6.526866866065257,orange
11.74875013673957,10.888969080593604,orange
11.408684239474447,9.115517859614766,orange
11.371410564412301,4.657547799133327,orange
